run_id,method,framework_config,scenario_id,seed,campaign_size,coordination_strength,campaign_metrics_na,membership_purity,fragmentation,completeness,n_campaign_clusters,campaign_detection_rate,campaign_precision,campaign_recall,campaign_f1,false_campaign_alert_rate,n_detected_campaign_clusters,n_ground_truth_campaigns,incorrect_campaign_merging,coordinated_events
campaign_size_corrected_strong_n10_fcgnn_seed101_20260611T122915_be896376,fcgnn,C3,S3,101,10,1.0,False,0.5,0.0,1.0,2.0,1.0,0.5,1.0,0.6666666666666666,1.0,2.0,2.0,0.0,98.0
campaign_size_corrected_strong_n10_fcgnn_seed11_20260611T122833_90e565a7,fcgnn,C3,S3,11,10,1.0,False,1.0,0.0,1.0,1.0,1.0,1.0,1.0,1.0,1.0,1.0,2.0,0.0,25.0
campaign_size_corrected_strong_n10_fcgnn_seed23_20260611T122837_ae3d10de,fcgnn,C3,S3,23,10,1.0,False,1.0,0.0,1.0,1.0,1.0,1.0,1.0,1.0,1.0,1.0,2.0,0.0,82.0
campaign_size_corrected_strong_n10_fcgnn_seed37_20260611T122842_d8e10da5,fcgnn,C3,S3,37,10,1.0,False,0.0,1.0,1.0,3.0,1.0,0.0,1.0,0.0,1.0,3.0,2.0,0.0,121.0
campaign_size_corrected_strong_n10_fcgnn_seed41_20260611T122847_4cdafffb,fcgnn,C3,S3,41,10,1.0,False,0.5,0.0,1.0,2.0,1.0,0.5,1.0,0.6666666666666666,1.0,2.0,2.0,0.0,97.0
campaign_size_corrected_strong_n10_fcgnn_seed53_20260611T122852_b9be219b,fcgnn,C3,S3,53,10,1.0,False,0.5,0.0,1.0,2.0,1.0,0.5,1.0,0.6666666666666666,1.0,2.0,2.0,0.0,102.0
campaign_size_corrected_strong_n10_fcgnn_seed67_20260611T122856_a0d607bf,fcgnn,C3,S3,67,10,1.0,False,0.0,1.0,1.0,3.0,1.0,0.0,1.0,0.0,1.0,3.0,2.0,0.0,101.0
campaign_size_corrected_strong_n10_fcgnn_seed71_20260611T122901_787804a5,fcgnn,C3,S3,71,10,1.0,False,1.0,0.0,1.0,1.0,1.0,1.0,1.0,1.0,1.0,1.0,2.0,0.0,76.0
campaign_size_corrected_strong_n10_fcgnn_seed83_20260611T122906_f8ae0e93,fcgnn,C3,S3,83,10,1.0,False,0.0,1.0,1.0,3.0,1.0,0.0,1.0,0.0,1.0,3.0,2.0,0.0,131.0
campaign_size_corrected_strong_n10_fcgnn_seed97_20260611T122911_f6e5a38f,fcgnn,C3,S3,97,10,1.0,False,0.0,1.0,1.0,3.0,1.0,0.0,1.0,0.0,1.0,3.0,2.0,0.0,104.0
campaign_size_corrected_strong_n2_fcgnn_seed101_20260611T122742_7c6777b4,fcgnn,C3,S3,101,2,1.0,False,1.0,0.0,1.0,1.0,1.0,1.0,1.0,1.0,1.0,1.0,2.0,0.0,12.0
campaign_size_corrected_strong_n2_fcgnn_seed11_20260611T122703_3912574d,fcgnn,C3,S3,11,2,1.0,False,0.5,0.0,1.0,2.0,1.0,0.5,1.0,0.6666666666666666,1.0,2.0,2.0,0.0,52.0
campaign_size_corrected_strong_n2_fcgnn_seed23_20260611T122707_37652a58,fcgnn,C3,S3,23,2,1.0,False,1.0,0.0,1.0,1.0,1.0,1.0,1.0,1.0,1.0,1.0,2.0,0.0,11.0
campaign_size_corrected_strong_n2_fcgnn_seed37_20260611T122711_3fc6653e,fcgnn,C3,S3,37,2,1.0,False,1.0,0.0,1.0,1.0,1.0,1.0,1.0,1.0,1.0,1.0,2.0,0.0,11.0
campaign_size_corrected_strong_n2_fcgnn_seed41_20260611T122716_943b82bc,fcgnn,C3,S3,41,2,1.0,False,1.0,0.0,1.0,1.0,1.0,1.0,1.0,1.0,1.0,1.0,2.0,0.0,11.0
campaign_size_corrected_strong_n2_fcgnn_seed53_20260611T122720_5b7a15d2,fcgnn,C3,S3,53,2,1.0,False,1.0,0.0,1.0,1.0,1.0,1.0,1.0,1.0,1.0,1.0,2.0,0.0,11.0
campaign_size_corrected_strong_n2_fcgnn_seed67_20260611T122725_ba4a1ddb,fcgnn,C3,S3,67,2,1.0,False,0.5,0.0,1.0,2.0,1.0,0.5,1.0,0.6666666666666666,1.0,2.0,2.0,0.0,27.0
campaign_size_corrected_strong_n2_fcgnn_seed71_20260611T122729_e4b0ea4a,fcgnn,C3,S3,71,2,1.0,False,0.0,0.0,0.0,0.0,0.0,0.0,0.0,0.0,0.0,0.0,2.0,0.0,0.0
campaign_size_corrected_strong_n2_fcgnn_seed83_20260611T122733_77545f7d,fcgnn,C3,S3,83,2,1.0,False,1.0,0.0,1.0,1.0,1.0,1.0,1.0,1.0,1.0,1.0,2.0,0.0,11.0
campaign_size_corrected_strong_n2_fcgnn_seed97_20260611T122738_81d5a213,fcgnn,C3,S3,97,2,1.0,False,0.0,2.0,1.0,4.0,1.0,0.0,1.0,0.0,1.0,4.0,2.0,0.0,49.0
campaign_size_corrected_strong_n5_fcgnn_seed101_20260611T122828_d22879ef,fcgnn,C3,S3,101,5,1.0,False,0.5,0.0,1.0,2.0,1.0,0.5,1.0,0.6666666666666666,1.0,2.0,2.0,0.0,49.0
campaign_size_corrected_strong_n5_fcgnn_seed11_20260611T122747_3e587134,fcgnn,C3,S3,11,5,1.0,False,0.0,1.0,1.0,3.0,1.0,0.0,1.0,0.0,1.0,3.0,2.0,0.0,48.0
campaign_size_corrected_strong_n5_fcgnn_seed23_20260611T122751_a7d33ea1,fcgnn,C3,S3,23,5,1.0,False,0.0,1.0,1.0,3.0,1.0,0.0,1.0,0.0,1.0,3.0,2.0,0.0,48.0
campaign_size_corrected_strong_n5_fcgnn_seed37_20260611T122756_d31bcd97,fcgnn,C3,S3,37,5,1.0,False,1.0,0.0,1.0,1.0,1.0,1.0,1.0,1.0,1.0,1.0,2.0,0.0,41.0
campaign_size_corrected_strong_n5_fcgnn_seed41_20260611T122801_2bdd7d44,fcgnn,C3,S3,41,5,1.0,False,1.0,0.0,1.0,1.0,1.0,1.0,1.0,1.0,1.0,1.0,2.0,0.0,13.0
campaign_size_corrected_strong_n5_fcgnn_seed53_20260611T122805_b2de25d9,fcgnn,C3,S3,53,5,1.0,False,0.5,0.0,1.0,2.0,1.0,0.5,1.0,0.6666666666666666,1.0,2.0,2.0,0.0,38.0
campaign_size_corrected_strong_n5_fcgnn_seed67_20260611T122810_c99356ea,fcgnn,C3,S3,67,5,1.0,False,1.0,0.0,1.0,1.0,1.0,1.0,1.0,1.0,1.0,1.0,2.0,0.0,17.0
campaign_size_corrected_strong_n5_fcgnn_seed71_20260611T122814_ed072d60,fcgnn,C3,S3,71,5,1.0,False,0.5,0.0,1.0,2.0,1.0,0.5,1.0,0.6666666666666666,1.0,2.0,2.0,0.0,34.0
campaign_size_corrected_strong_n5_fcgnn_seed83_20260611T122819_9bdb60c2,fcgnn,C3,S3,83,5,1.0,False,1.0,0.0,1.0,1.0,1.0,1.0,1.0,1.0,1.0,1.0,2.0,0.0,30.0
campaign_size_corrected_strong_n5_fcgnn_seed97_20260611T122823_47afe1a2,fcgnn,C3,S3,97,5,1.0,False,1.0,0.0,1.0,1.0,1.0,1.0,1.0,1.0,1.0,1.0,2.0,0.0,32.0
campaign_size_corrected_weak_n10_fcgnn_seed101_20260611T123133_38292059,fcgnn,C3,S4,101,10,1.0,False,0.5,0.0,1.0,2.0,1.0,0.5,1.0,0.6666666666666666,1.0,2.0,2.0,0.0,43.0
campaign_size_corrected_weak_n10_fcgnn_seed11_20260611T123050_122fea34,fcgnn,C3,S4,11,10,1.0,False,1.0,0.0,1.0,1.0,1.0,1.0,1.0,1.0,1.0,1.0,2.0,0.0,35.0
campaign_size_corrected_weak_n10_fcgnn_seed23_20260611T123055_84541cff,fcgnn,C3,S4,23,10,1.0,False,1.0,0.0,1.0,1.0,1.0,1.0,1.0,1.0,1.0,1.0,2.0,0.0,38.0
campaign_size_corrected_weak_n10_fcgnn_seed37_20260611T123100_27312343,fcgnn,C3,S4,37,10,1.0,False,1.0,0.0,1.0,1.0,1.0,1.0,1.0,1.0,1.0,1.0,2.0,0.0,35.0
campaign_size_corrected_weak_n10_fcgnn_seed41_20260611T123105_6756659c,fcgnn,C3,S4,41,10,1.0,False,1.0,0.0,1.0,1.0,1.0,1.0,1.0,1.0,1.0,1.0,2.0,0.0,26.0
campaign_size_corrected_weak_n10_fcgnn_seed53_20260611T123109_79357b1f,fcgnn,C3,S4,53,10,1.0,False,1.0,0.0,1.0,1.0,1.0,1.0,1.0,1.0,1.0,1.0,2.0,0.0,25.0
campaign_size_corrected_weak_n10_fcgnn_seed67_20260611T123114_6c8c96c6,fcgnn,C3,S4,67,10,1.0,False,1.0,0.0,1.0,1.0,1.0,1.0,1.0,1.0,1.0,1.0,2.0,0.0,37.0
campaign_size_corrected_weak_n10_fcgnn_seed71_20260611T123119_861fcfd8,fcgnn,C3,S4,71,10,1.0,False,1.0,0.0,1.0,1.0,1.0,1.0,1.0,1.0,1.0,1.0,2.0,0.0,24.0
campaign_size_corrected_weak_n10_fcgnn_seed83_20260611T123124_8b7ec2f2,fcgnn,C3,S4,83,10,1.0,False,1.0,0.0,1.0,1.0,1.0,1.0,1.0,1.0,1.0,1.0,2.0,0.0,13.0
campaign_size_corrected_weak_n10_fcgnn_seed97_20260611T123129_89c7cfff,fcgnn,C3,S4,97,10,1.0,False,1.0,0.0,1.0,1.0,1.0,1.0,1.0,1.0,1.0,1.0,2.0,0.0,24.0
campaign_size_corrected_weak_n2_fcgnn_seed101_20260611T123000_a2e707a5,fcgnn,C3,S4,101,2,1.0,False,1.0,0.0,1.0,1.0,1.0,1.0,1.0,1.0,1.0,1.0,2.0,0.0,17.0
campaign_size_corrected_weak_n2_fcgnn_seed11_20260611T122920_947cc601,fcgnn,C3,S4,11,2,1.0,False,0.0,1.0,1.0,3.0,1.0,0.0,1.0,0.0,1.0,3.0,2.0,0.0,63.0
campaign_size_corrected_weak_n2_fcgnn_seed23_20260611T122924_f38024a3,fcgnn,C3,S4,23,2,1.0,False,1.0,0.0,1.0,1.0,1.0,1.0,1.0,1.0,1.0,1.0,2.0,0.0,12.0
campaign_size_corrected_weak_n2_fcgnn_seed37_20260611T122929_fda9249d,fcgnn,C3,S4,37,2,1.0,False,0.0,0.0,0.0,0.0,0.0,0.0,0.0,0.0,0.0,0.0,2.0,0.0,0.0
campaign_size_corrected_weak_n2_fcgnn_seed41_20260611T122933_349a78e8,fcgnn,C3,S4,41,2,1.0,False,1.0,0.0,1.0,1.0,1.0,1.0,1.0,1.0,1.0,1.0,2.0,0.0,10.0
campaign_size_corrected_weak_n2_fcgnn_seed53_20260611T122938_317eb40e,fcgnn,C3,S4,53,2,1.0,False,1.0,0.0,1.0,1.0,1.0,1.0,1.0,1.0,1.0,1.0,2.0,0.0,10.0
campaign_size_corrected_weak_n2_fcgnn_seed67_20260611T122942_6e77bac2,fcgnn,C3,S4,67,2,1.0,False,0.0,0.0,0.0,0.0,0.0,0.0,0.0,0.0,0.0,0.0,2.0,0.0,0.0
campaign_size_corrected_weak_n2_fcgnn_seed71_20260611T122947_c31fb8b1,fcgnn,C3,S4,71,2,1.0,False,0.0,0.0,0.0,0.0,0.0,0.0,0.0,0.0,0.0,0.0,2.0,0.0,0.0
campaign_size_corrected_weak_n2_fcgnn_seed83_20260611T122951_c27d3755,fcgnn,C3,S4,83,2,1.0,False,1.0,0.0,1.0,1.0,1.0,1.0,1.0,1.0,1.0,1.0,2.0,0.0,14.0
campaign_size_corrected_weak_n2_fcgnn_seed97_20260611T122955_b2f38bed,fcgnn,C3,S4,97,2,1.0,False,1.0,0.0,1.0,1.0,1.0,1.0,1.0,1.0,1.0,1.0,2.0,0.0,12.0
campaign_size_corrected_weak_n5_fcgnn_seed101_20260611T123046_ca9eea20,fcgnn,C3,S4,101,5,1.0,False,0.0,1.0,1.0,3.0,1.0,0.0,1.0,0.0,1.0,3.0,2.0,0.0,47.0
campaign_size_corrected_weak_n5_fcgnn_seed11_20260611T123004_4b405120,fcgnn,C3,S4,11,5,1.0,False,1.0,0.0,1.0,1.0,1.0,1.0,1.0,1.0,1.0,1.0,2.0,0.0,27.0
campaign_size_corrected_weak_n5_fcgnn_seed23_20260611T123009_cd49b87b,fcgnn,C3,S4,23,5,1.0,False,1.0,0.0,1.0,1.0,1.0,1.0,1.0,1.0,1.0,1.0,2.0,0.0,18.0
campaign_size_corrected_weak_n5_fcgnn_seed37_20260611T123014_508a5d1c,fcgnn,C3,S4,37,5,1.0,False,1.0,0.0,1.0,1.0,1.0,1.0,1.0,1.0,1.0,1.0,2.0,0.0,15.0
campaign_size_corrected_weak_n5_fcgnn_seed41_20260611T123018_0e5462d3,fcgnn,C3,S4,41,5,1.0,False,0.5,0.0,1.0,2.0,1.0,0.5,1.0,0.6666666666666666,1.0,2.0,2.0,0.0,25.0
campaign_size_corrected_weak_n5_fcgnn_seed53_20260611T123023_cc0e73c3,fcgnn,C3,S4,53,5,1.0,False,1.0,0.0,1.0,1.0,1.0,1.0,1.0,1.0,1.0,1.0,2.0,0.0,18.0
campaign_size_corrected_weak_n5_fcgnn_seed67_20260611T123027_1de465ea,fcgnn,C3,S4,67,5,1.0,False,1.0,0.0,1.0,1.0,1.0,1.0,1.0,1.0,1.0,1.0,2.0,0.0,21.0
campaign_size_corrected_weak_n5_fcgnn_seed71_20260611T123032_5611f939,fcgnn,C3,S4,71,5,1.0,False,1.0,0.0,1.0,1.0,1.0,1.0,1.0,1.0,1.0,1.0,2.0,0.0,13.0
campaign_size_corrected_weak_n5_fcgnn_seed83_20260611T123036_9ae7536c,fcgnn,C3,S4,83,5,1.0,False,1.0,0.0,1.0,1.0,1.0,1.0,1.0,1.0,1.0,1.0,2.0,0.0,21.0
campaign_size_corrected_weak_n5_fcgnn_seed97_20260611T123041_d0670617,fcgnn,C3,S4,97,5,1.0,False,1.0,0.0,1.0,1.0,1.0,1.0,1.0,1.0,1.0,1.0,2.0,0.0,16.0
S0_benign_control_fcgnn_n0_cs0p00_seed101_20260611T102839_4848fffe,fcgnn,C3,S0,101,0,0.0,False,1.0,0.0,1.0,0.0,1.0,1.0,1.0,1.0,0.0,0.0,1.0,0.0,0.0
S0_benign_control_fcgnn_n0_cs0p00_seed11_20260611T100441_da421daa,fcgnn,C3,S0,11,0,0.0,False,1.0,0.0,1.0,0.0,1.0,1.0,1.0,1.0,0.0,0.0,1.0,0.0,0.0
S0_benign_control_fcgnn_n0_cs0p00_seed11_20260611T102834_2b62d361,fcgnn,C3,S0,11,0,0.0,False,1.0,0.0,1.0,0.0,1.0,1.0,1.0,1.0,0.0,0.0,1.0,0.0,0.0
S0_benign_control_fcgnn_n0_cs0p00_seed23_20260611T102835_044b9166,fcgnn,C3,S0,23,0,0.0,False,1.0,0.0,1.0,0.0,1.0,1.0,1.0,1.0,0.0,0.0,1.0,0.0,0.0
S0_benign_control_fcgnn_n0_cs0p00_seed37_20260611T102836_152c400c,fcgnn,C3,S0,37,0,0.0,False,1.0,0.0,1.0,0.0,1.0,1.0,1.0,1.0,0.0,0.0,1.0,0.0,0.0
S0_benign_control_fcgnn_n0_cs0p00_seed41_20260611T102836_f8029cdc,fcgnn,C3,S0,41,0,0.0,False,1.0,0.0,1.0,0.0,1.0,1.0,1.0,1.0,0.0,0.0,1.0,0.0,0.0
S0_benign_control_fcgnn_n0_cs0p00_seed53_20260611T102837_6b165efe,fcgnn,C3,S0,53,0,0.0,False,1.0,0.0,1.0,0.0,1.0,1.0,1.0,1.0,0.0,0.0,1.0,0.0,0.0
S0_benign_control_fcgnn_n0_cs0p00_seed67_20260611T102837_bfa59c0b,fcgnn,C3,S0,67,0,0.0,False,1.0,0.0,1.0,0.0,1.0,1.0,1.0,1.0,0.0,0.0,1.0,0.0,0.0
S0_benign_control_fcgnn_n0_cs0p00_seed71_20260611T102838_bd68588d,fcgnn,C3,S0,71,0,0.0,False,1.0,0.0,1.0,0.0,1.0,1.0,1.0,1.0,0.0,0.0,1.0,0.0,0.0
S0_benign_control_fcgnn_n0_cs0p00_seed83_20260611T102838_cbaa52f5,fcgnn,C3,S0,83,0,0.0,False,1.0,0.0,1.0,0.0,1.0,1.0,1.0,1.0,0.0,0.0,1.0,0.0,0.0
S0_benign_control_fcgnn_n0_cs0p00_seed97_20260611T102839_183d71f8,fcgnn,C3,S0,97,0,0.0,False,1.0,0.0,1.0,0.0,1.0,1.0,1.0,1.0,0.0,0.0,1.0,0.0,0.0
S1_isolated_fcgnn_n1_cs0p00_seed101_20260611T102849_193a4694,fcgnn,C3,S1,101,1,0.0,False,1.0,0.0,1.0,0.0,1.0,1.0,1.0,1.0,0.0,0.0,1.0,0.0,0.0
S1_isolated_fcgnn_n1_cs0p00_seed11_20260611T100442_8b04dd51,fcgnn,C3,S1,11,1,0.0,False,1.0,0.0,1.0,0.0,1.0,1.0,1.0,1.0,0.0,0.0,1.0,0.0,0.0
S1_isolated_fcgnn_n1_cs0p00_seed11_20260611T102840_c7bebe88,fcgnn,C3,S1,11,1,0.0,False,1.0,0.0,1.0,0.0,1.0,1.0,1.0,1.0,0.0,0.0,1.0,0.0,0.0
S1_isolated_fcgnn_n1_cs0p00_seed23_20260611T102841_0545d375,fcgnn,C3,S1,23,1,0.0,False,1.0,0.0,1.0,0.0,1.0,1.0,1.0,1.0,0.0,0.0,1.0,0.0,0.0
S1_isolated_fcgnn_n1_cs0p00_seed37_20260611T102842_e7e42d66,fcgnn,C3,S1,37,1,0.0,False,1.0,0.0,1.0,0.0,1.0,1.0,1.0,1.0,0.0,0.0,1.0,0.0,0.0
S1_isolated_fcgnn_n1_cs0p00_seed41_20260611T102843_5cffa205,fcgnn,C3,S1,41,1,0.0,False,1.0,0.0,1.0,0.0,1.0,1.0,1.0,1.0,0.0,0.0,1.0,0.0,0.0
S1_isolated_fcgnn_n1_cs0p00_seed53_20260611T102844_bc69287b,fcgnn,C3,S1,53,1,0.0,False,1.0,0.0,1.0,0.0,1.0,1.0,1.0,1.0,0.0,0.0,1.0,0.0,0.0
S1_isolated_fcgnn_n1_cs0p00_seed67_20260611T102845_a2388fe9,fcgnn,C3,S1,67,1,0.0,False,1.0,0.0,1.0,0.0,1.0,1.0,1.0,1.0,0.0,0.0,1.0,0.0,0.0
S1_isolated_fcgnn_n1_cs0p00_seed71_20260611T102846_3555f860,fcgnn,C3,S1,71,1,0.0,False,1.0,0.0,1.0,0.0,1.0,1.0,1.0,1.0,0.0,0.0,1.0,0.0,0.0
S1_isolated_fcgnn_n1_cs0p00_seed83_20260611T102847_72df3734,fcgnn,C3,S1,83,1,0.0,False,1.0,0.0,1.0,0.0,1.0,1.0,1.0,1.0,0.0,0.0,1.0,0.0,0.0
S1_isolated_fcgnn_n1_cs0p00_seed97_20260611T102848_bc645615,fcgnn,C3,S1,97,1,0.0,False,1.0,0.0,1.0,0.0,1.0,1.0,1.0,1.0,0.0,0.0,1.0,0.0,0.0
S2_non_coordinated_fcgnn_n10_cs0p00_seed101_20260611T103020_e231ccd4,fcgnn,C3,S2,101,10,0.0,False,0.0,0.0,0.0,1.0,0.0,0.0,0.0,0.0,0.5,1.0,11.0,1.0,26.0
S2_non_coordinated_fcgnn_n10_cs0p00_seed11_20260611T100450_baa63a0a,fcgnn,C3,S2,11,10,0.0,False,0.0,0.0,0.0,3.0,0.0,0.0,0.0,0.0,0.75,3.0,11.0,0.0,245.0
S2_non_coordinated_fcgnn_n10_cs0p00_seed11_20260611T102856_3a12e1ce,fcgnn,C3,S2,11,10,0.0,False,0.0,0.0,0.0,3.0,0.0,0.0,0.0,0.0,0.75,3.0,11.0,0.0,245.0
S2_non_coordinated_fcgnn_n10_cs0p00_seed23_20260611T102905_8c7994c7,fcgnn,C3,S2,23,10,0.0,False,0.0,0.0,0.0,1.0,0.0,0.0,0.0,0.0,0.5,1.0,11.0,1.0,54.0
S2_non_coordinated_fcgnn_n10_cs0p00_seed37_20260611T102915_babf70fe,fcgnn,C3,S2,37,10,0.0,False,0.0,0.0,0.0,2.0,0.0,0.0,0.0,0.0,0.6666666666666666,2.0,11.0,0.0,185.0
S2_non_coordinated_fcgnn_n10_cs0p00_seed41_20260611T102924_299ac955,fcgnn,C3,S2,41,10,0.0,False,0.0,0.0,0.0,2.0,0.0,0.0,0.0,0.0,0.6666666666666666,2.0,11.0,0.0,59.0
S2_non_coordinated_fcgnn_n10_cs0p00_seed53_20260611T102933_f7aeb624,fcgnn,C3,S2,53,10,0.0,False,0.0,0.0,0.0,2.0,0.0,0.0,0.0,0.0,0.6666666666666666,2.0,11.0,0.0,39.0
S2_non_coordinated_fcgnn_n10_cs0p00_seed67_20260611T102943_ca781315,fcgnn,C3,S2,67,10,0.0,False,0.0,0.0,0.0,2.0,0.0,0.0,0.0,0.0,0.6666666666666666,2.0,11.0,0.0,108.0
S2_non_coordinated_fcgnn_n10_cs0p00_seed71_20260611T102952_8e298d31,fcgnn,C3,S2,71,10,0.0,False,0.0,0.0,0.0,3.0,0.0,0.0,0.0,0.0,0.75,3.0,11.0,0.0,127.0
S2_non_coordinated_fcgnn_n10_cs0p00_seed83_20260611T103002_d18e4473,fcgnn,C3,S2,83,10,0.0,False,0.0,0.0,0.0,2.0,0.0,0.0,0.0,0.0,0.6666666666666666,2.0,11.0,0.0,38.0
S2_non_coordinated_fcgnn_n10_cs0p00_seed97_20260611T103011_e4a830b5,fcgnn,C3,S2,97,10,0.0,False,0.0,0.0,0.0,1.0,0.0,0.0,0.0,0.0,0.5,1.0,11.0,1.0,48.0
S2_non_coordinated_fcgnn_n10_cs0p25_seed101_20260611T103022_616277fc,fcgnn,C3,S2,101,10,0.25,False,0.0,0.0,0.0,1.0,0.0,0.0,0.0,0.0,0.5,1.0,11.0,1.0,26.0
S2_non_coordinated_fcgnn_n10_cs0p25_seed11_20260611T100451_08ed9363,fcgnn,C3,S2,11,10,0.25,False,0.0,0.0,0.0,3.0,0.0,0.0,0.0,0.0,0.75,3.0,11.0,0.0,245.0
S2_non_coordinated_fcgnn_n10_cs0p25_seed11_20260611T102858_7607d98f,fcgnn,C3,S2,11,10,0.25,False,0.0,0.0,0.0,3.0,0.0,0.0,0.0,0.0,0.75,3.0,11.0,0.0,245.0
S2_non_coordinated_fcgnn_n10_cs0p25_seed23_20260611T102907_f5f9f825,fcgnn,C3,S2,23,10,0.25,False,0.0,0.0,0.0,1.0,0.0,0.0,0.0,0.0,0.5,1.0,11.0,1.0,54.0
S2_non_coordinated_fcgnn_n10_cs0p25_seed37_20260611T102916_d93fff6d,fcgnn,C3,S2,37,10,0.25,False,0.0,0.0,0.0,2.0,0.0,0.0,0.0,0.0,0.6666666666666666,2.0,11.0,0.0,185.0
S2_non_coordinated_fcgnn_n10_cs0p25_seed41_20260611T102926_e02e6665,fcgnn,C3,S2,41,10,0.25,False,0.0,0.0,0.0,2.0,0.0,0.0,0.0,0.0,0.6666666666666666,2.0,11.0,0.0,59.0
S2_non_coordinated_fcgnn_n10_cs0p25_seed53_20260611T102935_0e8d6a09,fcgnn,C3,S2,53,10,0.25,False,0.0,0.0,0.0,2.0,0.0,0.0,0.0,0.0,0.6666666666666666,2.0,11.0,0.0,39.0
S2_non_coordinated_fcgnn_n10_cs0p25_seed67_20260611T102945_37c989bc,fcgnn,C3,S2,67,10,0.25,False,0.0,0.0,0.0,2.0,0.0,0.0,0.0,0.0,0.6666666666666666,2.0,11.0,0.0,108.0
S2_non_coordinated_fcgnn_n10_cs0p25_seed71_20260611T102954_ff819d10,fcgnn,C3,S2,71,10,0.25,False,0.0,0.0,0.0,3.0,0.0,0.0,0.0,0.0,0.75,3.0,11.0,0.0,127.0
S2_non_coordinated_fcgnn_n10_cs0p25_seed83_20260611T103003_8a09e3b2,fcgnn,C3,S2,83,10,0.25,False,0.0,0.0,0.0,2.0,0.0,0.0,0.0,0.0,0.6666666666666666,2.0,11.0,0.0,38.0
S2_non_coordinated_fcgnn_n10_cs0p25_seed97_20260611T103013_07e5aed6,fcgnn,C3,S2,97,10,0.25,False,0.0,0.0,0.0,1.0,0.0,0.0,0.0,0.0,0.5,1.0,11.0,1.0,48.0
S2_non_coordinated_fcgnn_n2_cs0p00_seed101_20260611T103014_3e9cdefe,fcgnn,C3,S2,101,2,0.0,False,1.0,0.0,1.0,0.0,1.0,1.0,1.0,1.0,0.0,0.0,3.0,0.0,0.0
S2_non_coordinated_fcgnn_n2_cs0p00_seed11_20260611T100443_17552b29,fcgnn,C3,S2,11,2,0.0,False,0.0,0.0,0.0,2.0,0.0,0.0,0.0,0.0,0.6666666666666666,2.0,3.0,0.0,21.0
S2_non_coordinated_fcgnn_n2_cs0p00_seed11_20260611T102850_8d09005d,fcgnn,C3,S2,11,2,0.0,False,0.0,0.0,0.0,2.0,0.0,0.0,0.0,0.0,0.6666666666666666,2.0,3.0,0.0,21.0
S2_non_coordinated_fcgnn_n2_cs0p00_seed23_20260611T102859_815026fe,fcgnn,C3,S2,23,2,0.0,False,0.0,0.0,0.0,1.0,0.0,0.0,0.0,0.0,0.5,1.0,3.0,1.0,14.0
S2_non_coordinated_fcgnn_n2_cs0p00_seed37_20260611T102909_9b2c1d35,fcgnn,C3,S2,37,2,0.0,False,1.0,0.0,1.0,0.0,1.0,1.0,1.0,1.0,0.0,0.0,3.0,0.0,0.0
S2_non_coordinated_fcgnn_n2_cs0p00_seed41_20260611T102918_c145630d,fcgnn,C3,S2,41,2,0.0,False,1.0,0.0,1.0,0.0,1.0,1.0,1.0,1.0,0.0,0.0,3.0,0.0,0.0
S2_non_coordinated_fcgnn_n2_cs0p00_seed53_20260611T102927_b64c132e,fcgnn,C3,S2,53,2,0.0,False,1.0,0.0,1.0,0.0,1.0,1.0,1.0,1.0,0.0,0.0,3.0,0.0,0.0
S2_non_coordinated_fcgnn_n2_cs0p00_seed67_20260611T102937_f7b1a348,fcgnn,C3,S2,67,2,0.0,False,1.0,0.0,1.0,0.0,1.0,1.0,1.0,1.0,0.0,0.0,3.0,0.0,0.0
S2_non_coordinated_fcgnn_n2_cs0p00_seed71_20260611T102946_6bc0275f,fcgnn,C3,S2,71,2,0.0,False,1.0,0.0,1.0,0.0,1.0,1.0,1.0,1.0,0.0,0.0,3.0,0.0,0.0
S2_non_coordinated_fcgnn_n2_cs0p00_seed83_20260611T102955_0e25a0e8,fcgnn,C3,S2,83,2,0.0,False,1.0,0.0,1.0,0.0,1.0,1.0,1.0,1.0,0.0,0.0,3.0,0.0,0.0
S2_non_coordinated_fcgnn_n2_cs0p00_seed97_20260611T103005_002a700f,fcgnn,C3,S2,97,2,0.0,False,0.0,0.0,0.0,1.0,0.0,0.0,0.0,0.0,0.5,1.0,3.0,1.0,28.0
S2_non_coordinated_fcgnn_n2_cs0p25_seed101_20260611T103016_b6aa1ef0,fcgnn,C3,S2,101,2,0.25,False,1.0,0.0,1.0,0.0,1.0,1.0,1.0,1.0,0.0,0.0,3.0,0.0,0.0
S2_non_coordinated_fcgnn_n2_cs0p25_seed11_20260611T100445_9049e86a,fcgnn,C3,S2,11,2,0.25,False,0.0,0.0,0.0,2.0,0.0,0.0,0.0,0.0,0.6666666666666666,2.0,3.0,0.0,21.0
S2_non_coordinated_fcgnn_n2_cs0p25_seed11_20260611T102852_6f03b2c2,fcgnn,C3,S2,11,2,0.25,False,0.0,0.0,0.0,2.0,0.0,0.0,0.0,0.0,0.6666666666666666,2.0,3.0,0.0,21.0
S2_non_coordinated_fcgnn_n2_cs0p25_seed23_20260611T102901_711e777d,fcgnn,C3,S2,23,2,0.25,False,0.0,0.0,0.0,1.0,0.0,0.0,0.0,0.0,0.5,1.0,3.0,1.0,14.0
S2_non_coordinated_fcgnn_n2_cs0p25_seed37_20260611T102910_9b0928de,fcgnn,C3,S2,37,2,0.25,False,1.0,0.0,1.0,0.0,1.0,1.0,1.0,1.0,0.0,0.0,3.0,0.0,0.0
S2_non_coordinated_fcgnn_n2_cs0p25_seed41_20260611T102919_246772f9,fcgnn,C3,S2,41,2,0.25,False,1.0,0.0,1.0,0.0,1.0,1.0,1.0,1.0,0.0,0.0,3.0,0.0,0.0
S2_non_coordinated_fcgnn_n2_cs0p25_seed53_20260611T102929_43147767,fcgnn,C3,S2,53,2,0.25,False,1.0,0.0,1.0,0.0,1.0,1.0,1.0,1.0,0.0,0.0,3.0,0.0,0.0
S2_non_coordinated_fcgnn_n2_cs0p25_seed67_20260611T102938_36ce4233,fcgnn,C3,S2,67,2,0.25,False,1.0,0.0,1.0,0.0,1.0,1.0,1.0,1.0,0.0,0.0,3.0,0.0,0.0
S2_non_coordinated_fcgnn_n2_cs0p25_seed71_20260611T102948_a211d59a,fcgnn,C3,S2,71,2,0.25,False,1.0,0.0,1.0,0.0,1.0,1.0,1.0,1.0,0.0,0.0,3.0,0.0,0.0
S2_non_coordinated_fcgnn_n2_cs0p25_seed83_20260611T102957_e5985481,fcgnn,C3,S2,83,2,0.25,False,1.0,0.0,1.0,0.0,1.0,1.0,1.0,1.0,0.0,0.0,3.0,0.0,0.0
S2_non_coordinated_fcgnn_n2_cs0p25_seed97_20260611T103006_7a6950c8,fcgnn,C3,S2,97,2,0.25,False,0.0,0.0,0.0,1.0,0.0,0.0,0.0,0.0,0.5,1.0,3.0,1.0,28.0
S2_non_coordinated_fcgnn_n5_cs0p00_seed101_20260611T103017_c6dbbc2e,fcgnn,C3,S2,101,5,0.0,False,0.0,0.0,0.0,1.0,0.0,0.0,0.0,0.0,0.5,1.0,6.0,1.0,22.0
S2_non_coordinated_fcgnn_n5_cs0p00_seed11_20260611T100447_371324ca,fcgnn,C3,S2,11,5,0.0,False,0.0,0.0,0.0,2.0,0.0,0.0,0.0,0.0,0.6666666666666666,2.0,6.0,0.0,92.0
S2_non_coordinated_fcgnn_n5_cs0p00_seed11_20260611T102853_8e6bf713,fcgnn,C3,S2,11,5,0.0,False,0.0,0.0,0.0,2.0,0.0,0.0,0.0,0.0,0.6666666666666666,2.0,6.0,0.0,92.0
S2_non_coordinated_fcgnn_n5_cs0p00_seed23_20260611T102902_95526781,fcgnn,C3,S2,23,5,0.0,False,0.0,0.0,0.0,1.0,0.0,0.0,0.0,0.0,0.5,1.0,6.0,1.0,21.0
S2_non_coordinated_fcgnn_n5_cs0p00_seed37_20260611T102912_989c4a9d,fcgnn,C3,S2,37,5,0.0,False,0.0,0.0,0.0,1.0,0.0,0.0,0.0,0.0,0.5,1.0,6.0,1.0,20.0
S2_non_coordinated_fcgnn_n5_cs0p00_seed41_20260611T102921_541b3eec,fcgnn,C3,S2,41,5,0.0,False,0.0,0.0,0.0,1.0,0.0,0.0,0.0,0.0,0.5,1.0,6.0,1.0,19.0
S2_non_coordinated_fcgnn_n5_cs0p00_seed53_20260611T102930_d005ecc7,fcgnn,C3,S2,53,5,0.0,False,0.0,0.0,0.0,1.0,0.0,0.0,0.0,0.0,0.5,1.0,6.0,1.0,74.0
S2_non_coordinated_fcgnn_n5_cs0p00_seed67_20260611T102940_2d82bce8,fcgnn,C3,S2,67,5,0.0,False,0.0,0.0,0.0,2.0,0.0,0.0,0.0,0.0,0.6666666666666666,2.0,6.0,0.0,57.0
S2_non_coordinated_fcgnn_n5_cs0p00_seed71_20260611T102949_fa273c23,fcgnn,C3,S2,71,5,0.0,False,0.0,0.0,0.0,1.0,0.0,0.0,0.0,0.0,0.5,1.0,6.0,1.0,68.0
S2_non_coordinated_fcgnn_n5_cs0p00_seed83_20260611T102959_19c18a06,fcgnn,C3,S2,83,5,0.0,False,0.0,0.0,0.0,2.0,0.0,0.0,0.0,0.0,0.6666666666666666,2.0,6.0,0.0,52.0
S2_non_coordinated_fcgnn_n5_cs0p00_seed97_20260611T103008_2ace0921,fcgnn,C3,S2,97,5,0.0,False,0.0,0.0,0.0,2.0,0.0,0.0,0.0,0.0,0.6666666666666666,2.0,6.0,0.0,73.0
S2_non_coordinated_fcgnn_n5_cs0p25_seed101_20260611T103019_e8660cb6,fcgnn,C3,S2,101,5,0.25,False,0.0,0.0,0.0,1.0,0.0,0.0,0.0,0.0,0.5,1.0,6.0,1.0,22.0
S2_non_coordinated_fcgnn_n5_cs0p25_seed11_20260611T100448_e765a05a,fcgnn,C3,S2,11,5,0.25,False,0.0,0.0,0.0,2.0,0.0,0.0,0.0,0.0,0.6666666666666666,2.0,6.0,0.0,92.0
S2_non_coordinated_fcgnn_n5_cs0p25_seed11_20260611T102855_aa2cf124,fcgnn,C3,S2,11,5,0.25,False,0.0,0.0,0.0,2.0,0.0,0.0,0.0,0.0,0.6666666666666666,2.0,6.0,0.0,92.0
S2_non_coordinated_fcgnn_n5_cs0p25_seed23_20260611T102904_8b032e76,fcgnn,C3,S2,23,5,0.25,False,0.0,0.0,0.0,1.0,0.0,0.0,0.0,0.0,0.5,1.0,6.0,1.0,21.0
S2_non_coordinated_fcgnn_n5_cs0p25_seed37_20260611T102913_5a7f4f9f,fcgnn,C3,S2,37,5,0.25,False,0.0,0.0,0.0,1.0,0.0,0.0,0.0,0.0,0.5,1.0,6.0,1.0,20.0
S2_non_coordinated_fcgnn_n5_cs0p25_seed41_20260611T102923_9d63a98b,fcgnn,C3,S2,41,5,0.25,False,0.0,0.0,0.0,1.0,0.0,0.0,0.0,0.0,0.5,1.0,6.0,1.0,19.0
S2_non_coordinated_fcgnn_n5_cs0p25_seed53_20260611T102932_be4930d7,fcgnn,C3,S2,53,5,0.25,False,0.0,0.0,0.0,1.0,0.0,0.0,0.0,0.0,0.5,1.0,6.0,1.0,74.0
S2_non_coordinated_fcgnn_n5_cs0p25_seed67_20260611T102941_7722e492,fcgnn,C3,S2,67,5,0.25,False,0.0,0.0,0.0,2.0,0.0,0.0,0.0,0.0,0.6666666666666666,2.0,6.0,0.0,57.0
S2_non_coordinated_fcgnn_n5_cs0p25_seed71_20260611T102951_01aa497e,fcgnn,C3,S2,71,5,0.25,False,0.0,0.0,0.0,1.0,0.0,0.0,0.0,0.0,0.5,1.0,6.0,1.0,68.0
S2_non_coordinated_fcgnn_n5_cs0p25_seed83_20260611T103000_381df6dc,fcgnn,C3,S2,83,5,0.25,False,0.0,0.0,0.0,2.0,0.0,0.0,0.0,0.0,0.6666666666666666,2.0,6.0,0.0,52.0
S2_non_coordinated_fcgnn_n5_cs0p25_seed97_20260611T103009_52a9b95d,fcgnn,C3,S2,97,5,0.25,False,0.0,0.0,0.0,2.0,0.0,0.0,0.0,0.0,0.6666666666666666,2.0,6.0,0.0,73.0
S3_strong_campaign_fcgnn_n10_cs0p75_seed101_20260611T103208_aa60a787,fcgnn,C3,S3,101,10,0.75,False,1.0,0.0,1.0,1.0,1.0,1.0,1.0,1.0,1.0,1.0,2.0,0.0,14.0
S3_strong_campaign_fcgnn_n10_cs0p75_seed11_20260611T100500_6af6bc16,fcgnn,C3,S3,11,10,0.75,False,1.0,0.0,1.0,1.0,1.0,1.0,1.0,1.0,1.0,1.0,2.0,0.0,21.0
S3_strong_campaign_fcgnn_n10_cs0p75_seed11_20260611T103031_cec3a77b,fcgnn,C3,S3,11,10,0.75,False,1.0,0.0,1.0,1.0,1.0,1.0,1.0,1.0,1.0,1.0,2.0,0.0,21.0
S3_strong_campaign_fcgnn_n10_cs0p75_seed23_20260611T103041_9169e7e6,fcgnn,C3,S3,23,10,0.75,False,0.0,0.0,0.0,0.0,0.0,0.0,0.0,0.0,0.0,0.0,2.0,0.0,0.0
S3_strong_campaign_fcgnn_n10_cs0p75_seed37_20260611T103052_db07927a,fcgnn,C3,S3,37,10,0.75,False,0.5,0.0,1.0,2.0,1.0,0.5,1.0,0.6666666666666666,1.0,2.0,2.0,0.0,45.0
S3_strong_campaign_fcgnn_n10_cs0p75_seed41_20260611T103103_1c0f305c,fcgnn,C3,S3,41,10,0.75,False,0.5,0.0,1.0,2.0,1.0,0.5,1.0,0.6666666666666666,1.0,2.0,2.0,0.0,32.0
S3_strong_campaign_fcgnn_n10_cs0p75_seed53_20260611T103114_afc50626,fcgnn,C3,S3,53,10,0.75,False,0.0,0.0,0.0,0.0,0.0,0.0,0.0,0.0,0.0,0.0,2.0,0.0,0.0
S3_strong_campaign_fcgnn_n10_cs0p75_seed67_20260611T103125_88d2cd6d,fcgnn,C3,S3,67,10,0.75,False,0.5,0.0,1.0,2.0,1.0,0.5,1.0,0.6666666666666666,1.0,2.0,2.0,0.0,24.0
S3_strong_campaign_fcgnn_n10_cs0p75_seed71_20260611T103135_da9cf0f3,fcgnn,C3,S3,71,10,0.75,False,0.5,0.0,1.0,2.0,1.0,0.5,1.0,0.6666666666666666,1.0,2.0,2.0,0.0,24.0
S3_strong_campaign_fcgnn_n10_cs0p75_seed83_20260611T103146_0a03aafc,fcgnn,C3,S3,83,10,0.75,False,0.5,0.0,1.0,2.0,1.0,0.5,1.0,0.6666666666666666,1.0,2.0,2.0,0.0,22.0
S3_strong_campaign_fcgnn_n10_cs0p75_seed97_20260611T103157_2d5f31d2,fcgnn,C3,S3,97,10,0.75,False,0.0,0.0,0.0,0.0,0.0,0.0,0.0,0.0,0.0,0.0,2.0,0.0,0.0
S3_strong_campaign_fcgnn_n10_cs1p00_seed101_20260611T103210_681fe31c,fcgnn,C3,S3,101,10,1.0,False,1.0,0.0,1.0,1.0,1.0,1.0,1.0,1.0,1.0,1.0,2.0,0.0,86.0
S3_strong_campaign_fcgnn_n10_cs1p00_seed11_20260611T100502_df6fd39e,fcgnn,C3,S3,11,10,1.0,False,1.0,0.0,1.0,1.0,1.0,1.0,1.0,1.0,1.0,1.0,2.0,0.0,67.0
S3_strong_campaign_fcgnn_n10_cs1p00_seed11_20260611T103032_3039589a,fcgnn,C3,S3,11,10,1.0,False,1.0,0.0,1.0,1.0,1.0,1.0,1.0,1.0,1.0,1.0,2.0,0.0,67.0
S3_strong_campaign_fcgnn_n10_cs1p00_seed23_20260611T103043_1fe2f75b,fcgnn,C3,S3,23,10,1.0,False,1.0,0.0,1.0,1.0,1.0,1.0,1.0,1.0,1.0,1.0,2.0,0.0,81.0
S3_strong_campaign_fcgnn_n10_cs1p00_seed37_20260611T103054_7483a149,fcgnn,C3,S3,37,10,1.0,False,1.0,0.0,1.0,1.0,1.0,1.0,1.0,1.0,1.0,1.0,2.0,0.0,87.0
S3_strong_campaign_fcgnn_n10_cs1p00_seed41_20260611T103105_ca680d70,fcgnn,C3,S3,41,10,1.0,False,1.0,0.0,1.0,1.0,1.0,1.0,1.0,1.0,1.0,1.0,2.0,0.0,84.0
S3_strong_campaign_fcgnn_n10_cs1p00_seed53_20260611T103116_e0f86f19,fcgnn,C3,S3,53,10,1.0,False,1.0,0.0,1.0,1.0,1.0,1.0,1.0,1.0,1.0,1.0,2.0,0.0,70.0
S3_strong_campaign_fcgnn_n10_cs1p00_seed67_20260611T103126_3300d190,fcgnn,C3,S3,67,10,1.0,False,1.0,0.0,1.0,1.0,1.0,1.0,1.0,1.0,1.0,1.0,2.0,0.0,56.0
S3_strong_campaign_fcgnn_n10_cs1p00_seed71_20260611T103137_bff0b0ad,fcgnn,C3,S3,71,10,1.0,False,1.0,0.0,1.0,1.0,1.0,1.0,1.0,1.0,1.0,1.0,2.0,0.0,72.0
S3_strong_campaign_fcgnn_n10_cs1p00_seed83_20260611T103148_cdbab451,fcgnn,C3,S3,83,10,1.0,False,1.0,0.0,1.0,1.0,1.0,1.0,1.0,1.0,1.0,1.0,2.0,0.0,72.0
S3_strong_campaign_fcgnn_n10_cs1p00_seed97_20260611T103159_cf385339,fcgnn,C3,S3,97,10,1.0,False,1.0,0.0,1.0,1.0,1.0,1.0,1.0,1.0,1.0,1.0,2.0,0.0,97.0
S3_strong_campaign_fcgnn_n2_cs0p75_seed101_20260611T103201_18026ab0,fcgnn,C3,S3,101,2,0.75,False,0.0,0.0,0.0,0.0,0.0,0.0,0.0,0.0,0.0,0.0,2.0,0.0,0.0
S3_strong_campaign_fcgnn_n2_cs0p75_seed11_20260611T100453_9a1d8767,fcgnn,C3,S3,11,2,0.75,False,1.0,0.0,1.0,1.0,1.0,1.0,1.0,1.0,1.0,1.0,2.0,0.0,12.0
S3_strong_campaign_fcgnn_n2_cs0p75_seed11_20260611T103024_d4a545b6,fcgnn,C3,S3,11,2,0.75,False,1.0,0.0,1.0,1.0,1.0,1.0,1.0,1.0,1.0,1.0,2.0,0.0,12.0
S3_strong_campaign_fcgnn_n2_cs0p75_seed23_20260611T103034_a285b551,fcgnn,C3,S3,23,2,0.75,False,1.0,0.0,1.0,1.0,1.0,1.0,1.0,1.0,1.0,1.0,2.0,0.0,16.0
S3_strong_campaign_fcgnn_n2_cs0p75_seed37_20260611T103045_23f20928,fcgnn,C3,S3,37,2,0.75,False,1.0,0.0,1.0,1.0,1.0,1.0,1.0,1.0,1.0,1.0,2.0,0.0,17.0
S3_strong_campaign_fcgnn_n2_cs0p75_seed41_20260611T103056_d881aa4b,fcgnn,C3,S3,41,2,0.75,False,0.0,0.0,0.0,0.0,0.0,0.0,0.0,0.0,0.0,0.0,2.0,0.0,0.0
S3_strong_campaign_fcgnn_n2_cs0p75_seed53_20260611T103107_4ada1ad5,fcgnn,C3,S3,53,2,0.75,False,0.0,0.0,0.0,0.0,0.0,0.0,0.0,0.0,0.0,0.0,2.0,0.0,0.0
S3_strong_campaign_fcgnn_n2_cs0p75_seed67_20260611T103118_d2c436d0,fcgnn,C3,S3,67,2,0.75,False,0.0,0.0,0.0,0.0,0.0,0.0,0.0,0.0,0.0,0.0,2.0,0.0,0.0
S3_strong_campaign_fcgnn_n2_cs0p75_seed71_20260611T103128_cbb7c462,fcgnn,C3,S3,71,2,0.75,False,0.0,0.0,0.0,0.0,0.0,0.0,0.0,0.0,0.0,0.0,2.0,0.0,0.0
S3_strong_campaign_fcgnn_n2_cs0p75_seed83_20260611T103139_69a74864,fcgnn,C3,S3,83,2,0.75,False,0.0,0.0,0.0,0.0,0.0,0.0,0.0,0.0,0.0,0.0,2.0,0.0,0.0
S3_strong_campaign_fcgnn_n2_cs0p75_seed97_20260611T103150_d33e74b1,fcgnn,C3,S3,97,2,0.75,False,0.0,0.0,0.0,0.0,0.0,0.0,0.0,0.0,0.0,0.0,2.0,0.0,0.0
S3_strong_campaign_fcgnn_n2_cs1p00_seed101_20260611T103202_2b530b78,fcgnn,C3,S3,101,2,1.0,False,1.0,0.0,1.0,1.0,1.0,1.0,1.0,1.0,1.0,1.0,2.0,0.0,17.0
S3_strong_campaign_fcgnn_n2_cs1p00_seed11_20260611T100454_c07ce04e,fcgnn,C3,S3,11,2,1.0,False,0.0,0.0,0.0,0.0,0.0,0.0,0.0,0.0,0.0,0.0,2.0,0.0,0.0
S3_strong_campaign_fcgnn_n2_cs1p00_seed11_20260611T103025_b371f0aa,fcgnn,C3,S3,11,2,1.0,False,0.0,0.0,0.0,0.0,0.0,0.0,0.0,0.0,0.0,0.0,2.0,0.0,0.0
S3_strong_campaign_fcgnn_n2_cs1p00_seed23_20260611T103036_9ac57e58,fcgnn,C3,S3,23,2,1.0,False,1.0,0.0,1.0,1.0,1.0,1.0,1.0,1.0,1.0,1.0,2.0,0.0,17.0
S3_strong_campaign_fcgnn_n2_cs1p00_seed37_20260611T103047_671ba1f5,fcgnn,C3,S3,37,2,1.0,False,1.0,0.0,1.0,1.0,1.0,1.0,1.0,1.0,1.0,1.0,2.0,0.0,17.0
S3_strong_campaign_fcgnn_n2_cs1p00_seed41_20260611T103058_609b87c1,fcgnn,C3,S3,41,2,1.0,False,1.0,0.0,1.0,1.0,1.0,1.0,1.0,1.0,1.0,1.0,2.0,0.0,17.0
S3_strong_campaign_fcgnn_n2_cs1p00_seed53_20260611T103109_4317a917,fcgnn,C3,S3,53,2,1.0,False,1.0,0.0,1.0,1.0,1.0,1.0,1.0,1.0,1.0,1.0,2.0,0.0,17.0
S3_strong_campaign_fcgnn_n2_cs1p00_seed67_20260611T103119_3de76dc7,fcgnn,C3,S3,67,2,1.0,False,1.0,0.0,1.0,1.0,1.0,1.0,1.0,1.0,1.0,1.0,2.0,0.0,12.0
S3_strong_campaign_fcgnn_n2_cs1p00_seed71_20260611T103130_fc2a531e,fcgnn,C3,S3,71,2,1.0,False,1.0,0.0,1.0,1.0,1.0,1.0,1.0,1.0,1.0,1.0,2.0,0.0,14.0
S3_strong_campaign_fcgnn_n2_cs1p00_seed83_20260611T103140_eafd0515,fcgnn,C3,S3,83,2,1.0,False,1.0,0.0,1.0,1.0,1.0,1.0,1.0,1.0,1.0,1.0,2.0,0.0,16.0
S3_strong_campaign_fcgnn_n2_cs1p00_seed97_20260611T103151_7cc04bd3,fcgnn,C3,S3,97,2,1.0,False,1.0,0.0,1.0,1.0,1.0,1.0,1.0,1.0,1.0,1.0,2.0,0.0,17.0
S3_strong_campaign_fcgnn_n5_cs0p75_seed101_20260611T103204_d2842cc4,fcgnn,C3,S3,101,5,0.75,False,0.0,0.0,0.0,0.0,0.0,0.0,0.0,0.0,0.0,0.0,2.0,0.0,0.0
S3_strong_campaign_fcgnn_n5_cs0p75_seed11_20260611T100456_f26b644f,fcgnn,C3,S3,11,5,0.75,False,1.0,0.0,1.0,1.0,1.0,1.0,1.0,1.0,1.0,1.0,2.0,0.0,10.0
S3_strong_campaign_fcgnn_n5_cs0p75_seed11_20260611T103027_e30402e9,fcgnn,C3,S3,11,5,0.75,False,1.0,0.0,1.0,1.0,1.0,1.0,1.0,1.0,1.0,1.0,2.0,0.0,10.0
S3_strong_campaign_fcgnn_n5_cs0p75_seed23_20260611T103038_80e31633,fcgnn,C3,S3,23,5,0.75,False,1.0,0.0,1.0,1.0,1.0,1.0,1.0,1.0,1.0,1.0,2.0,0.0,37.0
S3_strong_campaign_fcgnn_n5_cs0p75_seed37_20260611T103048_b3d16464,fcgnn,C3,S3,37,5,0.75,False,1.0,0.0,1.0,1.0,1.0,1.0,1.0,1.0,1.0,1.0,2.0,0.0,34.0
S3_strong_campaign_fcgnn_n5_cs0p75_seed41_20260611T103059_76dabe05,fcgnn,C3,S3,41,5,0.75,False,1.0,0.0,1.0,1.0,1.0,1.0,1.0,1.0,1.0,1.0,2.0,0.0,25.0
S3_strong_campaign_fcgnn_n5_cs0p75_seed53_20260611T103110_fd7809ac,fcgnn,C3,S3,53,5,0.75,False,0.0,0.0,0.0,0.0,0.0,0.0,0.0,0.0,0.0,0.0,2.0,0.0,0.0
S3_strong_campaign_fcgnn_n5_cs0p75_seed67_20260611T103121_69fe6fe6,fcgnn,C3,S3,67,5,0.75,False,0.0,0.0,0.0,0.0,0.0,0.0,0.0,0.0,0.0,0.0,2.0,0.0,0.0
S3_strong_campaign_fcgnn_n5_cs0p75_seed71_20260611T103132_8fe84901,fcgnn,C3,S3,71,5,0.75,False,0.0,0.0,0.0,0.0,0.0,0.0,0.0,0.0,0.0,0.0,2.0,0.0,0.0
S3_strong_campaign_fcgnn_n5_cs0p75_seed83_20260611T103142_dbe95876,fcgnn,C3,S3,83,5,0.75,False,0.0,0.0,0.0,0.0,0.0,0.0,0.0,0.0,0.0,0.0,2.0,0.0,0.0
S3_strong_campaign_fcgnn_n5_cs0p75_seed97_20260611T103153_7977ce59,fcgnn,C3,S3,97,5,0.75,False,1.0,0.0,1.0,1.0,1.0,1.0,1.0,1.0,1.0,1.0,2.0,0.0,21.0
S3_strong_campaign_fcgnn_n5_cs1p00_seed101_20260611T103206_d6a3556e,fcgnn,C3,S3,101,5,1.0,False,1.0,0.0,1.0,1.0,1.0,1.0,1.0,1.0,1.0,1.0,2.0,0.0,38.0
S3_strong_campaign_fcgnn_n5_cs1p00_seed11_20260611T100458_f92266a1,fcgnn,C3,S3,11,5,1.0,False,1.0,0.0,1.0,1.0,1.0,1.0,1.0,1.0,1.0,1.0,2.0,0.0,32.0
S3_strong_campaign_fcgnn_n5_cs1p00_seed11_20260611T103029_04bb7e35,fcgnn,C3,S3,11,5,1.0,False,1.0,0.0,1.0,1.0,1.0,1.0,1.0,1.0,1.0,1.0,2.0,0.0,32.0
S3_strong_campaign_fcgnn_n5_cs1p00_seed23_20260611T103039_ea848847,fcgnn,C3,S3,23,5,1.0,False,1.0,0.0,1.0,1.0,1.0,1.0,1.0,1.0,1.0,1.0,2.0,0.0,41.0
S3_strong_campaign_fcgnn_n5_cs1p00_seed37_20260611T103050_bbdeaef0,fcgnn,C3,S3,37,5,1.0,False,1.0,0.0,1.0,1.0,1.0,1.0,1.0,1.0,1.0,1.0,2.0,0.0,41.0
S3_strong_campaign_fcgnn_n5_cs1p00_seed41_20260611T103101_113a87f9,fcgnn,C3,S3,41,5,1.0,False,1.0,0.0,1.0,1.0,1.0,1.0,1.0,1.0,1.0,1.0,2.0,0.0,44.0
S3_strong_campaign_fcgnn_n5_cs1p00_seed53_20260611T103112_c2f5ea54,fcgnn,C3,S3,53,5,1.0,False,1.0,0.0,1.0,1.0,1.0,1.0,1.0,1.0,1.0,1.0,2.0,0.0,40.0
S3_strong_campaign_fcgnn_n5_cs1p00_seed67_20260611T103123_2c1246b4,fcgnn,C3,S3,67,5,1.0,False,1.0,0.0,1.0,1.0,1.0,1.0,1.0,1.0,1.0,1.0,2.0,0.0,24.0
S3_strong_campaign_fcgnn_n5_cs1p00_seed71_20260611T103133_37ef4ac1,fcgnn,C3,S3,71,5,1.0,False,1.0,0.0,1.0,1.0,1.0,1.0,1.0,1.0,1.0,1.0,2.0,0.0,28.0
S3_strong_campaign_fcgnn_n5_cs1p00_seed83_20260611T103144_9f0d711e,fcgnn,C3,S3,83,5,1.0,False,1.0,0.0,1.0,1.0,1.0,1.0,1.0,1.0,1.0,1.0,2.0,0.0,40.0
S3_strong_campaign_fcgnn_n5_cs1p00_seed97_20260611T103155_5d2fd06b,fcgnn,C3,S3,97,5,1.0,False,1.0,0.0,1.0,1.0,1.0,1.0,1.0,1.0,1.0,1.0,2.0,0.0,47.0
S4_weak_campaign_fcgnn_n10_cs0p75_seed101_20260611T103355_95cff719,fcgnn,C3,S4,101,10,0.75,False,0.0,0.0,0.0,0.0,0.0,0.0,0.0,0.0,0.0,0.0,2.0,0.0,0.0
S4_weak_campaign_fcgnn_n10_cs0p75_seed11_20260611T100510_616581d8,fcgnn,C3,S4,11,10,0.75,False,1.0,0.0,1.0,1.0,1.0,1.0,1.0,1.0,1.0,1.0,2.0,0.0,22.0
S4_weak_campaign_fcgnn_n10_cs0p75_seed11_20260611T103218_69586cf7,fcgnn,C3,S4,11,10,0.75,False,1.0,0.0,1.0,1.0,1.0,1.0,1.0,1.0,1.0,1.0,2.0,0.0,22.0
S4_weak_campaign_fcgnn_n10_cs0p75_seed23_20260611T103229_f6c590b6,fcgnn,C3,S4,23,10,0.75,False,0.5,0.0,1.0,2.0,1.0,0.5,1.0,0.6666666666666666,1.0,2.0,2.0,0.0,23.0
S4_weak_campaign_fcgnn_n10_cs0p75_seed37_20260611T103240_94eb95ac,fcgnn,C3,S4,37,10,0.75,False,0.5,0.0,1.0,2.0,1.0,0.5,1.0,0.6666666666666666,1.0,2.0,2.0,0.0,24.0
S4_weak_campaign_fcgnn_n10_cs0p75_seed41_20260611T103251_cd2ea70d,fcgnn,C3,S4,41,10,0.75,False,1.0,0.0,1.0,1.0,1.0,1.0,1.0,1.0,1.0,1.0,2.0,0.0,10.0
S4_weak_campaign_fcgnn_n10_cs0p75_seed53_20260611T103302_6dabf2f8,fcgnn,C3,S4,53,10,0.75,False,0.0,0.0,0.0,0.0,0.0,0.0,0.0,0.0,0.0,0.0,2.0,0.0,0.0
S4_weak_campaign_fcgnn_n10_cs0p75_seed67_20260611T103312_0738a184,fcgnn,C3,S4,67,10,0.75,False,1.0,0.0,1.0,1.0,1.0,1.0,1.0,1.0,1.0,1.0,2.0,0.0,10.0
S4_weak_campaign_fcgnn_n10_cs0p75_seed71_20260611T103323_b1968261,fcgnn,C3,S4,71,10,0.75,False,1.0,0.0,1.0,1.0,1.0,1.0,1.0,1.0,1.0,1.0,2.0,0.0,10.0
S4_weak_campaign_fcgnn_n10_cs0p75_seed83_20260611T103334_61583917,fcgnn,C3,S4,83,10,0.75,False,1.0,0.0,1.0,1.0,1.0,1.0,1.0,1.0,1.0,1.0,2.0,0.0,11.0
S4_weak_campaign_fcgnn_n10_cs0p75_seed97_20260611T103344_a19d3356,fcgnn,C3,S4,97,10,0.75,False,1.0,0.0,1.0,1.0,1.0,1.0,1.0,1.0,1.0,1.0,2.0,0.0,13.0
S4_weak_campaign_fcgnn_n10_cs1p00_seed101_20260611T103357_a93e6162,fcgnn,C3,S4,101,10,1.0,False,1.0,0.0,1.0,1.0,1.0,1.0,1.0,1.0,1.0,1.0,2.0,0.0,72.0
S4_weak_campaign_fcgnn_n10_cs1p00_seed11_20260611T100512_09eea1b8,fcgnn,C3,S4,11,10,1.0,False,1.0,0.0,1.0,1.0,1.0,1.0,1.0,1.0,1.0,1.0,2.0,0.0,64.0
S4_weak_campaign_fcgnn_n10_cs1p00_seed11_20260611T103220_0f20de50,fcgnn,C3,S4,11,10,1.0,False,1.0,0.0,1.0,1.0,1.0,1.0,1.0,1.0,1.0,1.0,2.0,0.0,64.0
S4_weak_campaign_fcgnn_n10_cs1p00_seed23_20260611T103231_2a17b845,fcgnn,C3,S4,23,10,1.0,False,1.0,0.0,1.0,1.0,1.0,1.0,1.0,1.0,1.0,1.0,2.0,0.0,78.0
S4_weak_campaign_fcgnn_n10_cs1p00_seed37_20260611T103242_3555b3c4,fcgnn,C3,S4,37,10,1.0,False,1.0,0.0,1.0,1.0,1.0,1.0,1.0,1.0,1.0,1.0,2.0,0.0,70.0
S4_weak_campaign_fcgnn_n10_cs1p00_seed41_20260611T103253_70193941,fcgnn,C3,S4,41,10,1.0,False,1.0,0.0,1.0,1.0,1.0,1.0,1.0,1.0,1.0,1.0,2.0,0.0,72.0
S4_weak_campaign_fcgnn_n10_cs1p00_seed53_20260611T103304_cceea384,fcgnn,C3,S4,53,10,1.0,False,0.5,0.0,1.0,2.0,1.0,0.5,1.0,0.6666666666666666,1.0,2.0,2.0,0.0,79.0
S4_weak_campaign_fcgnn_n10_cs1p00_seed67_20260611T103314_badab256,fcgnn,C3,S4,67,10,1.0,False,0.5,0.0,1.0,2.0,1.0,0.5,1.0,0.6666666666666666,1.0,2.0,2.0,0.0,65.0
S4_weak_campaign_fcgnn_n10_cs1p00_seed71_20260611T103325_4711abc6,fcgnn,C3,S4,71,10,1.0,False,0.5,0.0,1.0,2.0,1.0,0.5,1.0,0.6666666666666666,1.0,2.0,2.0,0.0,65.0
S4_weak_campaign_fcgnn_n10_cs1p00_seed83_20260611T103336_cf4a8283,fcgnn,C3,S4,83,10,1.0,False,1.0,0.0,1.0,1.0,1.0,1.0,1.0,1.0,1.0,1.0,2.0,0.0,62.0
S4_weak_campaign_fcgnn_n10_cs1p00_seed97_20260611T103346_f3f7a0f2,fcgnn,C3,S4,97,10,1.0,False,1.0,0.0,1.0,1.0,1.0,1.0,1.0,1.0,1.0,1.0,2.0,0.0,88.0
S4_weak_campaign_fcgnn_n2_cs0p75_seed101_20260611T103348_a86b74ab,fcgnn,C3,S4,101,2,0.75,False,0.0,0.0,0.0,0.0,0.0,0.0,0.0,0.0,0.0,0.0,2.0,0.0,0.0
S4_weak_campaign_fcgnn_n2_cs0p75_seed11_20260611T100504_84f51811,fcgnn,C3,S4,11,2,0.75,False,0.0,0.0,0.0,0.0,0.0,0.0,0.0,0.0,0.0,0.0,2.0,0.0,0.0
S4_weak_campaign_fcgnn_n2_cs0p75_seed11_20260611T103211_839bceb6,fcgnn,C3,S4,11,2,0.75,False,0.0,0.0,0.0,0.0,0.0,0.0,0.0,0.0,0.0,0.0,2.0,0.0,0.0
S4_weak_campaign_fcgnn_n2_cs0p75_seed23_20260611T103222_e159a1d2,fcgnn,C3,S4,23,2,0.75,False,1.0,0.0,1.0,1.0,1.0,1.0,1.0,1.0,1.0,1.0,2.0,0.0,16.0
S4_weak_campaign_fcgnn_n2_cs0p75_seed37_20260611T103233_bd7622b5,fcgnn,C3,S4,37,2,0.75,False,1.0,0.0,1.0,1.0,1.0,1.0,1.0,1.0,1.0,1.0,2.0,0.0,17.0
S4_weak_campaign_fcgnn_n2_cs0p75_seed41_20260611T103244_0b735d12,fcgnn,C3,S4,41,2,0.75,False,0.0,0.0,0.0,0.0,0.0,0.0,0.0,0.0,0.0,0.0,2.0,0.0,0.0
S4_weak_campaign_fcgnn_n2_cs0p75_seed53_20260611T103255_073ee2a2,fcgnn,C3,S4,53,2,0.75,False,0.0,0.0,0.0,0.0,0.0,0.0,0.0,0.0,0.0,0.0,2.0,0.0,0.0
S4_weak_campaign_fcgnn_n2_cs0p75_seed67_20260611T103305_96104ea1,fcgnn,C3,S4,67,2,0.75,False,0.0,0.0,0.0,0.0,0.0,0.0,0.0,0.0,0.0,0.0,2.0,0.0,0.0
S4_weak_campaign_fcgnn_n2_cs0p75_seed71_20260611T103316_27716d70,fcgnn,C3,S4,71,2,0.75,False,0.0,0.0,0.0,0.0,0.0,0.0,0.0,0.0,0.0,0.0,2.0,0.0,0.0
S4_weak_campaign_fcgnn_n2_cs0p75_seed83_20260611T103327_66d7d598,fcgnn,C3,S4,83,2,0.75,False,0.0,0.0,0.0,0.0,0.0,0.0,0.0,0.0,0.0,0.0,2.0,0.0,0.0
S4_weak_campaign_fcgnn_n2_cs0p75_seed97_20260611T103337_eaa35596,fcgnn,C3,S4,97,2,0.75,False,0.0,0.0,0.0,0.0,0.0,0.0,0.0,0.0,0.0,0.0,2.0,0.0,0.0
S4_weak_campaign_fcgnn_n2_cs1p00_seed101_20260611T103350_ad28083e,fcgnn,C3,S4,101,2,1.0,False,1.0,0.0,1.0,1.0,1.0,1.0,1.0,1.0,1.0,1.0,2.0,0.0,18.0
S4_weak_campaign_fcgnn_n2_cs1p00_seed11_20260611T100505_95c112ae,fcgnn,C3,S4,11,2,1.0,False,0.0,0.0,0.0,0.0,0.0,0.0,0.0,0.0,0.0,0.0,2.0,0.0,0.0
S4_weak_campaign_fcgnn_n2_cs1p00_seed11_20260611T103213_a9a9b298,fcgnn,C3,S4,11,2,1.0,False,0.0,0.0,0.0,0.0,0.0,0.0,0.0,0.0,0.0,0.0,2.0,0.0,0.0
S4_weak_campaign_fcgnn_n2_cs1p00_seed23_20260611T103224_2f221805,fcgnn,C3,S4,23,2,1.0,False,1.0,0.0,1.0,1.0,1.0,1.0,1.0,1.0,1.0,1.0,2.0,0.0,16.0
S4_weak_campaign_fcgnn_n2_cs1p00_seed37_20260611T103235_44167534,fcgnn,C3,S4,37,2,1.0,False,1.0,0.0,1.0,1.0,1.0,1.0,1.0,1.0,1.0,1.0,2.0,0.0,17.0
S4_weak_campaign_fcgnn_n2_cs1p00_seed41_20260611T103245_93542628,fcgnn,C3,S4,41,2,1.0,False,1.0,0.0,1.0,1.0,1.0,1.0,1.0,1.0,1.0,1.0,2.0,0.0,18.0
S4_weak_campaign_fcgnn_n2_cs1p00_seed53_20260611T103256_8f967884,fcgnn,C3,S4,53,2,1.0,False,1.0,0.0,1.0,1.0,1.0,1.0,1.0,1.0,1.0,1.0,2.0,0.0,18.0
S4_weak_campaign_fcgnn_n2_cs1p00_seed67_20260611T103307_ba8fab7b,fcgnn,C3,S4,67,2,1.0,False,0.0,0.0,0.0,0.0,0.0,0.0,0.0,0.0,0.0,0.0,2.0,0.0,0.0
S4_weak_campaign_fcgnn_n2_cs1p00_seed71_20260611T103318_b4585d79,fcgnn,C3,S4,71,2,1.0,False,0.0,0.0,0.0,0.0,0.0,0.0,0.0,0.0,0.0,0.0,2.0,0.0,0.0
S4_weak_campaign_fcgnn_n2_cs1p00_seed83_20260611T103328_00b5d6bf,fcgnn,C3,S4,83,2,1.0,False,1.0,0.0,1.0,1.0,1.0,1.0,1.0,1.0,1.0,1.0,2.0,0.0,18.0
S4_weak_campaign_fcgnn_n2_cs1p00_seed97_20260611T103339_57ef2338,fcgnn,C3,S4,97,2,1.0,False,1.0,0.0,1.0,1.0,1.0,1.0,1.0,1.0,1.0,1.0,2.0,0.0,18.0
S4_weak_campaign_fcgnn_n5_cs0p75_seed101_20260611T103351_ffbf08c8,fcgnn,C3,S4,101,5,0.75,False,0.0,0.0,0.0,0.0,0.0,0.0,0.0,0.0,0.0,0.0,2.0,0.0,0.0
S4_weak_campaign_fcgnn_n5_cs0p75_seed11_20260611T100507_fc0c21d8,fcgnn,C3,S4,11,5,0.75,False,0.0,0.0,0.0,0.0,0.0,0.0,0.0,0.0,0.0,0.0,2.0,0.0,0.0
S4_weak_campaign_fcgnn_n5_cs0p75_seed11_20260611T103215_5266a075,fcgnn,C3,S4,11,5,0.75,False,0.0,0.0,0.0,0.0,0.0,0.0,0.0,0.0,0.0,0.0,2.0,0.0,0.0
S4_weak_campaign_fcgnn_n5_cs0p75_seed23_20260611T103226_01c2fdd2,fcgnn,C3,S4,23,5,0.75,False,1.0,0.0,1.0,1.0,1.0,1.0,1.0,1.0,1.0,1.0,2.0,0.0,27.0
S4_weak_campaign_fcgnn_n5_cs0p75_seed37_20260611T103236_fb3b75e3,fcgnn,C3,S4,37,5,0.75,False,1.0,0.0,1.0,1.0,1.0,1.0,1.0,1.0,1.0,1.0,2.0,0.0,32.0
S4_weak_campaign_fcgnn_n5_cs0p75_seed41_20260611T103247_19dff8c0,fcgnn,C3,S4,41,5,0.75,False,0.0,0.0,0.0,0.0,0.0,0.0,0.0,0.0,0.0,0.0,2.0,0.0,0.0
S4_weak_campaign_fcgnn_n5_cs0p75_seed53_20260611T103258_5e9ef127,fcgnn,C3,S4,53,5,0.75,False,0.0,0.0,0.0,0.0,0.0,0.0,0.0,0.0,0.0,0.0,2.0,0.0,0.0
S4_weak_campaign_fcgnn_n5_cs0p75_seed67_20260611T103309_0bb4ea2d,fcgnn,C3,S4,67,5,0.75,False,0.0,0.0,0.0,0.0,0.0,0.0,0.0,0.0,0.0,0.0,2.0,0.0,0.0
S4_weak_campaign_fcgnn_n5_cs0p75_seed71_20260611T103319_3d4b7c98,fcgnn,C3,S4,71,5,0.75,False,0.0,0.0,0.0,0.0,0.0,0.0,0.0,0.0,0.0,0.0,2.0,0.0,0.0
S4_weak_campaign_fcgnn_n5_cs0p75_seed83_20260611T103330_62e00814,fcgnn,C3,S4,83,5,0.75,False,0.0,0.0,0.0,0.0,0.0,0.0,0.0,0.0,0.0,0.0,2.0,0.0,0.0
S4_weak_campaign_fcgnn_n5_cs0p75_seed97_20260611T103341_a1aba398,fcgnn,C3,S4,97,5,0.75,False,0.0,0.0,0.0,0.0,0.0,0.0,0.0,0.0,0.0,0.0,2.0,0.0,0.0
S4_weak_campaign_fcgnn_n5_cs1p00_seed101_20260611T103353_0a0de5cd,fcgnn,C3,S4,101,5,1.0,False,1.0,0.0,1.0,1.0,1.0,1.0,1.0,1.0,1.0,1.0,2.0,0.0,28.0
S4_weak_campaign_fcgnn_n5_cs1p00_seed11_20260611T100508_b5a7b276,fcgnn,C3,S4,11,5,1.0,False,1.0,0.0,1.0,1.0,1.0,1.0,1.0,1.0,1.0,1.0,2.0,0.0,27.0
S4_weak_campaign_fcgnn_n5_cs1p00_seed11_20260611T103216_4f019def,fcgnn,C3,S4,11,5,1.0,False,1.0,0.0,1.0,1.0,1.0,1.0,1.0,1.0,1.0,1.0,2.0,0.0,27.0
S4_weak_campaign_fcgnn_n5_cs1p00_seed23_20260611T103227_854c0856,fcgnn,C3,S4,23,5,1.0,False,1.0,0.0,1.0,1.0,1.0,1.0,1.0,1.0,1.0,1.0,2.0,0.0,47.0
S4_weak_campaign_fcgnn_n5_cs1p00_seed37_20260611T103238_b3160f85,fcgnn,C3,S4,37,5,1.0,False,1.0,0.0,1.0,1.0,1.0,1.0,1.0,1.0,1.0,1.0,2.0,0.0,41.0
S4_weak_campaign_fcgnn_n5_cs1p00_seed41_20260611T103249_e02861b6,fcgnn,C3,S4,41,5,1.0,False,1.0,0.0,1.0,1.0,1.0,1.0,1.0,1.0,1.0,1.0,2.0,0.0,44.0
S4_weak_campaign_fcgnn_n5_cs1p00_seed53_20260611T103300_2a51368f,fcgnn,C3,S4,53,5,1.0,False,1.0,0.0,1.0,1.0,1.0,1.0,1.0,1.0,1.0,1.0,2.0,0.0,36.0
S4_weak_campaign_fcgnn_n5_cs1p00_seed67_20260611T103310_3eaefbda,fcgnn,C3,S4,67,5,1.0,False,0.5,0.0,1.0,2.0,1.0,0.5,1.0,0.6666666666666666,1.0,2.0,2.0,0.0,35.0
S4_weak_campaign_fcgnn_n5_cs1p00_seed71_20260611T103321_30b59c7d,fcgnn,C3,S4,71,5,1.0,False,0.5,0.0,1.0,2.0,1.0,0.5,1.0,0.6666666666666666,1.0,2.0,2.0,0.0,28.0
S4_weak_campaign_fcgnn_n5_cs1p00_seed83_20260611T103332_013b2905,fcgnn,C3,S4,83,5,1.0,False,1.0,0.0,1.0,1.0,1.0,1.0,1.0,1.0,1.0,1.0,2.0,0.0,36.0
S4_weak_campaign_fcgnn_n5_cs1p00_seed97_20260611T103342_ddcfb17e,fcgnn,C3,S4,97,5,1.0,False,1.0,0.0,1.0,1.0,1.0,1.0,1.0,1.0,1.0,1.0,2.0,0.0,47.0
