method,seed,scenario_key,campaign_size,coordination_strength,tp,fp,tn,fn,precision,recall,f1,fpr,fnr,roc_auc,pr_auc,weak_malicious_recovered,weak_benign_promoted,vehicle_precision,vehicle_recall,vehicle_f1,attacked_vehicles_recovered,benign_vehicles_incorrectly_included,campaign_detection_rate,campaign_precision,campaign_recall,campaign_f1,false_campaign_alert_rate,n_detected_campaign_clusters,n_ground_truth_campaigns,incorrect_campaign_merging,coordinated_events,runtime_graph_construction_sec,runtime_gnn_inference_sec,runtime_clustering_sec,runtime_total_sec,runtime_local_ids_sec
fcgnn,11,S1_isolated,1,0.0,1,2,0,0,0.5,1.0,0.6666666666666666,1.0,0.0,0.5243749999999999,0.6058248920393265,0,67,0.3333333333333333,1.0,0.5,1,2,1.0,1.0,1.0,1.0,0.0,0,0,0,0,0.0303809170145541,0.0093905419926159,0.0023931250034365,0.1977184170100372,
fcgnn,23,S1_isolated,1,0.0,0,1,0,0,0.0,0.0,0.0,1.0,0.0,,,0,39,0.0,0.0,0.0,0,1,1.0,1.0,1.0,1.0,0.0,0,0,0,0,0.019500041991705,0.0799966659978963,0.0118490830063819,0.1498416250105947,
fcgnn,11,S1_isolated,1,0.0,1,2,0,0,0.5,1.0,0.6666666666666666,1.0,0.0,0.5243749999999999,0.6058248920393265,0,67,0.3333333333333333,1.0,0.5,1,2,1.0,1.0,1.0,1.0,0.0,0,0,0,0,0.0370245420199353,0.0479265000030864,0.0039730000135023,0.2408101249893661,
local_ids,23,S1_isolated,1,0.0,1,1,0,0,0.6666666666666666,1.0,0.8,1.0,0.0,0.9997222222222222,0.9998616850321396,0,36,0.5,1.0,0.6666666666666666,1,1,1.0,1.0,1.0,1.0,0.0,0,0,0,0,,,,0.1519440420088358,0.0
fcgnn,11,S1_isolated,1,0.0,1,2,0,0,0.5,1.0,0.6666666666666666,1.0,0.0,0.5243749999999999,0.6058248920393265,0,67,0.3333333333333333,1.0,0.5,1,2,1.0,1.0,1.0,1.0,0.0,0,0,0,0,0.0314344169746618,0.0378035000176169,0.0024923340242821,0.2313179580087307,
local_ids,11,S1_isolated,1,0.0,1,2,0,0,0.5,1.0,0.6666666666666666,1.0,0.0,0.9036111111111113,0.9109348939550715,0,67,0.3333333333333333,1.0,0.5,1,2,1.0,1.0,1.0,1.0,0.0,0,0,0,0,,,,0.1520665000134613,0.0
fcgnn,11,S1_isolated,1,0.0,1,2,0,0,0.5,1.0,0.6666666666666666,1.0,0.0,0.5243749999999999,0.6058248920393265,0,67,0.3333333333333333,1.0,0.5,1,2,1.0,1.0,1.0,1.0,0.0,0,0,0,0,0.0340126670198515,0.0699768750055227,0.0027364580018911,0.2747170410002582,
fcgnn,23,S1_isolated,1,0.0,1,1,0,0,0.6666666666666666,1.0,0.8,1.0,0.0,0.5218055555555555,0.7903657121266833,0,36,0.5,1.0,0.6666666666666666,1,1,1.0,1.0,1.0,1.0,0.0,0,0,0,0,0.0235562500020023,0.0088198340090457,0.0021830419718753,0.1901806250098161,
local_ids,11,S1_isolated,1,0.0,1,2,0,0,0.5,1.0,0.6666666666666666,1.0,0.0,0.9036111111111113,0.9109348939550715,0,67,0.3333333333333333,1.0,0.5,1,2,1.0,1.0,1.0,1.0,0.0,0,0,0,0,,,,0.1611762499960605,0.0
local_ids,23,S1_isolated,1,0.0,1,1,0,0,0.6666666666666666,1.0,0.8,1.0,0.0,0.9997222222222222,0.9998616850321396,0,36,0.5,1.0,0.6666666666666666,1,1,1.0,1.0,1.0,1.0,0.0,0,0,0,0,,,,0.1501214159943629,0.0
local_ids,23,S1_isolated,1,0.0,1,1,0,0,0.6666666666666666,1.0,0.8,1.0,0.0,0.9997222222222222,0.9998616850321396,0,36,0.5,1.0,0.6666666666666666,1,1,1.0,1.0,1.0,1.0,0.0,0,0,0,0,,,,0.1460324999934528,0.0
descriptor_clustering,11,S1_isolated,1,0.0,1,2,0,0,0.5,1.0,0.6666666666666666,1.0,0.0,0.5243749999999999,0.6058248920393265,0,67,0.3333333333333333,1.0,0.5,1,2,1.0,1.0,1.0,1.0,0.0,0,0,0,0,0.0300097499857656,,0.0018353750056121,0.1952231669856701,
fcgnn,23,S1_isolated,1,0.0,1,1,0,0,0.6666666666666666,1.0,0.8,1.0,0.0,0.5218055555555555,0.7903657121266833,0,36,0.5,1.0,0.6666666666666666,1,1,1.0,1.0,1.0,1.0,0.0,0,0,0,0,0.0249631670012604,0.0092224580002948,0.0022317089897114,0.1946490419795736,
local_ids,11,S1_isolated,1,0.0,1,2,0,0,0.5,1.0,0.6666666666666666,1.0,0.0,0.9036111111111113,0.9109348939550715,0,67,0.3333333333333333,1.0,0.5,1,2,1.0,1.0,1.0,1.0,0.0,0,0,0,0,,,,0.150670834002085,0.0
standard_gnn,11,S1_isolated,1,0.0,1,2,0,0,0.5,1.0,0.6666666666666666,1.0,0.0,0.5243749999999999,0.6058248920393265,0,67,0.3333333333333333,1.0,0.5,1,2,1.0,1.0,1.0,1.0,0.0,0,0,0,0,0.0304549580032471,0.0318746250122785,0.0024972499813884,0.2235132500063628,
descriptor_clustering,11,S1_isolated,1,0.0,1,2,0,0,0.5,1.0,0.6666666666666666,1.0,0.0,0.5243749999999999,0.6058248920393265,0,67,0.3333333333333333,1.0,0.5,1,2,1.0,1.0,1.0,1.0,0.0,0,0,0,0,0.0310322919976897,,0.0018900829891208,0.1987354579905513,
local_ids,23,S1_isolated,1,0.0,1,1,0,0,0.6666666666666666,1.0,0.8,1.0,0.0,0.9997222222222222,0.9998616850321396,0,36,0.5,1.0,0.6666666666666666,1,1,1.0,1.0,1.0,1.0,0.0,0,0,0,0,,,,0.1514762089936994,0.0
fcgnn,23,S1_isolated,1,0.0,1,1,0,0,0.6666666666666666,1.0,0.8,1.0,0.0,0.5218055555555555,0.7903657121266833,0,36,0.5,1.0,0.6666666666666666,1,1,1.0,1.0,1.0,1.0,0.0,0,0,0,0,0.0228387500101234,0.0089863750035874,0.0021632910065818,0.1864889999851584,
local_ids,23,S1_isolated,1,0.0,1,1,0,0,0.6666666666666666,1.0,0.8,1.0,0.0,0.9997222222222222,0.9998616850321396,0,36,0.5,1.0,0.6666666666666666,1,1,1.0,1.0,1.0,1.0,0.0,0,0,0,0,,,,0.149063541990472,0.0
local_ids,23,S1_isolated,1,0.0,1,1,0,0,0.6666666666666666,1.0,0.8,1.0,0.0,0.9997222222222222,0.9998616850321396,0,36,0.5,1.0,0.6666666666666666,1,1,1.0,1.0,1.0,1.0,0.0,0,0,0,0,,,,0.1482780829828698,0.0
local_ids,23,S1_isolated,1,0.0,0,1,0,0,0.0,0.0,0.0,1.0,0.0,,,0,39,0.0,0.0,0.0,0,1,1.0,1.0,1.0,1.0,0.0,0,0,0,0,,,,0.0402509170235134,0.0
fcgnn,11,S1_isolated,1,0.0,1,2,0,0,0.5,1.0,0.6666666666666666,1.0,0.0,0.5243749999999999,0.6058248920393265,0,67,0.3333333333333333,1.0,0.5,1,2,1.0,1.0,1.0,1.0,0.0,0,0,0,0,0.0290001250104978,0.0086291249899659,0.0023829580168239,0.1916039170173462,
local_ids,11,S1_isolated,1,0.0,1,2,0,0,0.5,1.0,0.6666666666666666,1.0,0.0,0.9036111111111113,0.9109348939550715,0,67,0.3333333333333333,1.0,0.5,1,2,1.0,1.0,1.0,1.0,0.0,0,0,0,0,,,,0.155461959016975,0.0
fcgnn,11,S1_isolated,1,0.0,1,2,0,0,0.5,1.0,0.6666666666666666,1.0,0.0,0.5243749999999999,0.6058248920393265,0,67,0.3333333333333333,1.0,0.5,1,2,1.0,1.0,1.0,1.0,0.0,0,0,0,0,0.0303152090054936,0.0087386250088457,0.0023442499805241,0.197598625003593,
local_ids,11,S1_isolated,1,0.0,1,2,0,0,0.5,1.0,0.6666666666666666,1.0,0.0,0.9036111111111113,0.9109348939550715,0,67,0.3333333333333333,1.0,0.5,1,2,1.0,1.0,1.0,1.0,0.0,0,0,0,0,,,,0.158848459017463,0.0
standard_gnn,11,S1_isolated,1,0.0,1,2,0,0,0.5,1.0,0.6666666666666666,1.0,0.0,0.5243749999999999,0.6058248920393265,0,67,0.3333333333333333,1.0,0.5,1,2,1.0,1.0,1.0,1.0,0.0,0,0,0,0,0.030737749999389,0.0364487920014653,0.0025629999872762,0.3118989579961635,
local_ids,11,S1_isolated,1,0.0,1,2,0,0,0.5,1.0,0.6666666666666666,1.0,0.0,0.9036111111111113,0.9109348939550715,0,67,0.3333333333333333,1.0,0.5,1,2,1.0,1.0,1.0,1.0,0.0,0,0,0,0,,,,0.1482451670162845,0.0
fcgnn,23,S1_isolated,1,0.0,1,1,0,0,0.6666666666666666,1.0,0.8,1.0,0.0,0.5218055555555555,0.7903657121266833,0,36,0.5,1.0,0.6666666666666666,1,1,1.0,1.0,1.0,1.0,0.0,0,0,0,0,0.0225157499953638,0.0091885419969912,0.0022601660166401,0.1836555839981883,
fcgnn,23,S1_isolated,1,0.0,1,1,0,0,0.6666666666666666,1.0,0.8,1.0,0.0,0.5218055555555555,0.7903657121266833,0,36,0.5,1.0,0.6666666666666666,1,1,1.0,1.0,1.0,1.0,0.0,0,0,0,0,0.0259466250136028,0.0089232499885838,0.0021806670119985,0.1962984580022748,
fcgnn,11,S1_isolated,1,0.0,1,2,0,0,0.5,1.0,0.6666666666666666,1.0,0.0,0.5243749999999999,0.6058248920393265,0,67,0.3333333333333333,1.0,0.5,1,2,1.0,1.0,1.0,1.0,0.0,0,0,0,0,0.0321968330244999,0.0091157080023549,0.0023268749937415,0.1992396670102607,
local_ids,11,S1_isolated,1,0.0,1,2,0,0,0.5,1.0,0.6666666666666666,1.0,0.0,0.9036111111111113,0.9109348939550715,0,67,0.3333333333333333,1.0,0.5,1,2,1.0,1.0,1.0,1.0,0.0,0,0,0,0,,,,0.1488379170186817,0.0
local_ids,11,S1_isolated,1,0.0,1,2,0,0,0.5,1.0,0.6666666666666666,1.0,0.0,0.9036111111111113,0.9109348939550715,0,67,0.3333333333333333,1.0,0.5,1,2,1.0,1.0,1.0,1.0,0.0,0,0,0,0,,,,0.1485565829789266,0.0
